{"4": {"(0, None)": {"6": 92.0, "3": 170.0, "4": 59.0, "2": 42.0, "1": 68.0, "5": 59.0}}, "5": {"(0, 3.3000000000000003)": {"6": 152.0, "4": 104.0, "2": 72.0, "1": 118.0, "5": 104.0, "3": 250.0}, "(3.3, 4.3)": {"6": 162.0, "4": 111.0, "2": 77.0, "1": 126.0, "5": 111.0, "3": 250.0}, "(4.3, 5.3)": {"6": 172.0, "4": 118.0, "2": 82.0, "1": 134.0, "5": 118.0, "3": 250.0}, "(5.3, 6.3)": {"6": 182.0, "4": 125.0, "2": 87.0, "1": 142.0, "5": 125.0, "3": 250.0}, "(6.3, 7.3)": {"6": 191.0, "4": 131.0, "2": 90.0, "1": 149.0, "5": 131.0, "3": 250.0}, "(7.3, 8.299999999999999)": {"6": 198.0, "4": 137.0, "2": 93.0, "1": 155.0, "5": 137.0, "3": 250.0}, "(8.3, 9.299999999999999)": {"6": 204.0, "4": 137.0, "2": 93.0, "1": 161.0, "5": 137.0, "3": 265.0}, "(9.3, 10.299999999999999)": {"6": 208.0, "4": 137.0, "2": 93.0, "1": 164.0, "5": 137.0, "3": 265.0}, "(10.3, 11.299999999999999)": {"6": 212.0, "4": 137.0, "2": 93.0, "1": 167.0, "5": 137.0, "3": 265.0}, "(11.3, 12.299999999999999)": {"6": 216.0, "4": 137.0, "2": 93.0, "1": 170.0, "5": 137.0, "3": 280.0}, "(12.3, 13.299999999999999)": {"6": 220.0, "4": 137.0, "2": 93.0, "1": 173.0, "5": 137.0, "3": 280.0}, "(13.3, 14.299999999999999)": {"6": 224.0, "4": 137.0, "2": 93.0, "1": 176.0, "5": 137.0, "3": 280.0}, "(14.3, 15.299999999999999)": {"6": 228.0, "4": 137.0, "2": 93.0, "1": 179.0, "5": 137.0, "3": 280.0}, "(15.3, 16.3)": {"6": 232.0, "4": 137.0, "2": 93.0, "1": 182.0, "5": 137.0, "3": 295.0}, "(16.3, 17.3)": {"6": 236.0, "4": 137.0, "2": 93.0, "1": 185.0, "5": 137.0, "3": 295.0}, "(17.3, 18.3)": {"6": 240.0, "4": 137.0, "2": 93.0, "1": 188.0, "5": 137.0, "3": 295.0}, "(18.3, 19.3)": {"6": 244.0, "4": 137.0, "2": 93.0, "1": 191.0, "5": 137.0, "3": 295.0}, "(19.3, 20.3)": {"6": 247.0, "4": 137.0, "2": 93.0, "1": 194.0, "5": 137.0, "3": 310.0}, "(20.3, 21.3)": {"6": 250.0, "4": 137.0, "2": 93.0, "1": 197.0, "5": 137.0, "3": 310.0}, "(21.3, 22.3)": {"6": 253.0, "4": 137.0, "2": 93.0, "1": 200.0, "5": 137.0, "3": 310.0}, "(22.3, 23.3)": {"6": 256.0, "4": 137.0, "2": 93.0, "1": 203.0, "5": 137.0, "3": 310.0}, "(23.3, 24.3)": {"6": 258.0, "4": 137.0, "2": 93.0, "1": 205.0, "5": 137.0, "3": 330.0}, "(24.3, 25.3)": {"6": 260.0, "4": 137.0, "2": 93.0, "1": 206.0, "5": 137.0, "3": 330.0}, "(25.3, 26.3)": {"6": 262.0, "4": 137.0, "2": 93.0, "1": 207.0, "5": 137.0, "3": 330.0}, "(26.3, 27.3)": {"6": 263.0, "4": 137.0, "2": 93.0, "1": 208.0, "5": 137.0, "3": 330.0}, "(27.3, 28.3)": {"6": 264.0, "4": 137.0, "2": 93.0, "1": 209.0, "5": 137.0, "3": 330.0}, "(28.3, 29.3)": {"6": 265.0, "4": 137.0, "2": 93.0, "1": 210.0, "5": 137.0, "3": 330.0}, "(29.3, 30.3)": {"6": 266.0, "4": 137.0, "2": 93.0, "1": 211.0, "5": 137.0, "3": 330.0}, "(30.3, 31.3)": {"6": 267.0, "4": 137.0, "2": 93.0, "1": 212.0, "5": 137.0, "3": 330.0}, "(31.3, 32.300000000000004)": {"6": 268.0, "4": 137.0, "2": 93.0, "1": 213.0, "5": 137.0, "3": 330.0}, "(32.3, 33.300000000000004)": {"6": 269.0, "4": 137.0, "2": 93.0, "1": 214.0, "5": 137.0, "3": 330.0}, "(33.3, 34.300000000000004)": {"6": 270.0, "4": 137.0, "2": 93.0, "1": 215.0, "5": 137.0, "3": 330.0}, "(34.3, 35.300000000000004)": {"6": 271.0, "4": 137.0, "2": 93.0, "1": 216.0, "5": 137.0, "3": 330.0}, "(35.3, 36.300000000000004)": {"6": 272.0, "4": 137.0, "2": 93.0, "1": 217.0, "5": 137.0, "3": 330.0}, "(36.3, 37.300000000000004)": {"6": 273.0, "4": 137.0, "2": 93.0, "1": 218.0, "5": 137.0, "3": 330.0}, "(37.3, 38.300000000000004)": {"6": 274.0, "4": 137.0, "2": 93.0, "1": 219.0, "5": 137.0, "3": 330.0}, "(38.3, 39.300000000000004)": {"6": 275.0, "4": 137.0, "2": 93.0, "1": 220.0, "5": 137.0, "3": 330.0}, "(39.3, 40.300000000000004)": {"6": 276.0, "4": 137.0, "2": 93.0, "1": 221.0, "5": 137.0, "3": 330.0}, "(40.2, None)": {"6": 277.0, "4": 137.0, "2": 93.0, "1": 222.0, "5": 137.0, "3": 330.0}}, "6": {"(0, 3.3000000000000003)": {"6": 92.0, "3": 170.0, "4": 59.0, "2": 42.0, "1": 68.0, "5": 59.0}, "(3.3, 4.3)": {"6": 102.0, "3": 190.0, "4": 66.0, "2": 47.0, "1": 76.0, "5": 66.0}, "(4.3, 5.3)": {"6": 112.0, "3": 190.0, "4": 73.0, "2": 52.0, "1": 84.0, "5": 73.0}, "(5.3, 6.3)": {"6": 122.0, "3": 190.0, "4": 80.0, "2": 57.0, "1": 92.0, "5": 80.0}, "(6.3, 7.3)": {"6": 131.0, "3": 210.0, "4": 86.0, "2": 60.0, "1": 99.0, "5": 86.0}, "(7.3, 8.299999999999999)": {"6": 138.0, "3": 210.0, "4": 92.0, "2": 63.0, "1": 105.0, "5": 92.0}, "(8.3, 9.299999999999999)": {"6": 144.0, "3": 210.0, "4": 92.0, "2": 63.0, "1": 111.0, "5": 92.0}, "(9.3, 10.299999999999999)": {"6": 148.0, "3": 230.0, "4": 92.0, "2": 63.0, "1": 114.0, "5": 92.0}, "(10.3, 11.299999999999999)": {"6": 152.0, "3": 230.0, "4": 92.0, "2": 63.0, "1": 117.0, "5": 92.0}, "(11.3, 12.299999999999999)": {"6": 156.0, "3": 250.0, "4": 92.0, "2": 63.0, "1": 120.0, "5": 92.0}, "(12.3, 13.299999999999999)": {"6": 160.0, "3": 250.0, "4": 92.0, "2": 63.0, "1": 123.0, "5": 92.0}, "(13.3, 14.299999999999999)": {"6": 164.0, "3": 250.0, "4": 92.0, "2": 63.0, "1": 126.0, "5": 92.0}, "(14.3, 15.299999999999999)": {"6": 168.0, "3": 250.0, "4": 92.0, "2": 63.0, "1": 129.0, "5": 92.0}, "(15.3, 16.3)": {"6": 172.0, "3": 260.0, "4": 92.0, "2": 63.0, "1": 132.0, "5": 92.0}, "(16.3, 17.3)": {"6": 176.0, "3": 260.0, "4": 92.0, "2": 63.0, "1": 135.0, "5": 92.0}, "(17.3, 18.3)": {"6": 180.0, "3": 260.0, "4": 92.0, "2": 63.0, "1": 138.0, "5": 92.0}, "(18.3, 19.3)": {"6": 184.0, "3": 260.0, "4": 92.0, "2": 63.0, "1": 141.0, "5": 92.0}, "(19.3, 20.3)": {"6": 187.0, "3": 270.0, "4": 92.0, "2": 63.0, "1": 144.0, "5": 92.0}, "(20.3, 21.3)": {"6": 190.0, "3": 270.0, "4": 92.0, "2": 63.0, "1": 147.0, "5": 92.0}, "(21.3, 22.3)": {"6": 193.0, "3": 270.0, "4": 92.0, "2": 63.0, "1": 150.0, "5": 92.0}, "(22.3, 23.3)": {"6": 196.0, "3": 270.0, "4": 92.0, "2": 63.0, "1": 153.0, "5": 92.0}, "(23.3, 24.3)": {"6": 198.0, "3": 280.0, "4": 92.0, "2": 63.0, "1": 155.0, "5": 92.0}, "(24.3, 25.3)": {"6": 200.0, "3": 280.0, "4": 92.0, "2": 63.0, "1": 156.0, "5": 92.0}, "(25.3, 26.3)": {"6": 202.0, "3": 280.0, "4": 92.0, "2": 63.0, "1": 157.0, "5": 92.0}, "(26.3, 27.3)": {"6": 203.0, "3": 280.0, "4": 92.0, "2": 63.0, "1": 158.0, "5": 92.0}, "(27.3, 28.3)": {"6": 204.0, "3": 280.0, "4": 92.0, "2": 63.0, "1": 159.0, "5": 92.0}, "(28.3, 29.3)": {"6": 205.0, "3": 280.0, "4": 92.0, "2": 63.0, "1": 160.0, "5": 92.0}, "(29.3, 30.3)": {"6": 206.0, "3": 280.0, "4": 92.0, "2": 63.0, "1": 161.0, "5": 92.0}, "(30.3, 31.3)": {"6": 207.0, "3": 280.0, "4": 92.0, "2": 63.0, "1": 162.0, "5": 92.0}, "(31.3, 32.300000000000004)": {"6": 208.0, "3": 280.0, "4": 92.0, "2": 63.0, "1": 163.0, "5": 92.0}, "(32.3, 33.300000000000004)": {"6": 209.0, "3": 280.0, "4": 92.0, "2": 63.0, "1": 164.0, "5": 92.0}, "(33.3, 34.300000000000004)": {"6": 210.0, "3": 280.0, "4": 92.0, "2": 63.0, "1": 165.0, "5": 92.0}, "(34.3, 35.300000000000004)": {"6": 211.0, "3": 280.0, "4": 92.0, "2": 63.0, "1": 166.0, "5": 92.0}, "(35.3, 36.300000000000004)": {"6": 212.0, "3": 280.0, "4": 92.0, "2": 63.0, "1": 167.0, "5": 92.0}, "(36.3, 37.300000000000004)": {"6": 213.0, "3": 280.0, "4": 92.0, "2": 63.0, "1": 168.0, "5": 92.0}, "(37.3, 38.300000000000004)": {"6": 214.0, "3": 280.0, "4": 92.0, "2": 63.0, "1": 169.0, "5": 92.0}, "(38.3, 39.300000000000004)": {"6": 215.0, "3": 280.0, "4": 92.0, "2": 63.0, "1": 170.0, "5": 92.0}, "(39.3, 40.300000000000004)": {"6": 216.0, "3": 280.0, "4": 92.0, "2": 63.0, "1": 171.0, "5": 92.0}, "(40.2, None)": {"6": 217.0, "3": 280.0, "4": 92.0, "2": 63.0, "1": 172.0, "5": 92.0}}, "2": {"(0, 3.3000000000000003)": {"3": 170.0, "6": 92.0, "4": 59.0, "2": 42.0, "1": 68.0, "5": 59.0}, "(3.3, 4.3)": {"3": 190.0, "6": 102.0, "4": 66.0, "2": 47.0, "1": 76.0, "5": 66.0}, "(4.3, 5.3)": {"3": 190.0, "6": 112.0, "4": 73.0, "2": 52.0, "1": 84.0, "5": 73.0}, "(5.3, 6.3)": {"3": 190.0, "6": 122.0, "4": 80.0, "2": 57.0, "1": 92.0, "5": 80.0}, "(6.3, 7.3)": {"3": 210.0, "6": 131.0, "4": 86.0, "2": 60.0, "1": 99.0, "5": 86.0}, "(7.3, 8.299999999999999)": {"3": 210.0, "6": 138.0, "4": 92.0, "2": 63.0, "1": 105.0, "5": 92.0},